{"stats":{"minecraft:crafted":{"modender:ender_armor_leggings":1,"modender:ender_armor_helmet":1,"modender:ender_armor_chestplate":1,"modender:ender_armor_boots":1,"modender:ender_pickaxe":1,"modender:ender_axe":1,"modender:ender_hoe":1,"modender:ender_shovel":1},"minecraft:picked_up":{"minecraft:chicken":1,"minecraft:jungle_log":10,"minecraft:leather":7,"minecraft:porkchop":19,"minecraft:sand":62,"minecraft:oak_log":10,"minecraft:dirt":29,"minecraft:wheat_seeds":1,"minecraft:beef":12,"minecraft:cobblestone":27},"minecraft:dropped":{"minecraft:porkchop":7,"minecraft:leather":2,"minecraft:beef":2},"minecraft:used":{"minecraft:netherite_shovel":40,"modender:ender_pickaxe":29,"modender:ender_block":19,"minecraft:netherite_axe":12,"minecraft:netherite_hoe":2,"modender:ender_sword":45,"modender:ender_shovel":69,"modender:ender_ore":16,"minecraft:crafting_table":1,"minecraft:netherite_pickaxe":8,"modender:ender_axe":29,"modender:ender_hoe":9},"minecraft:custom":{"minecraft:time_since_rest":24165,"minecraft:sprint_one_cm":33079,"minecraft:walk_one_cm":57680,"minecraft:mob_kills":16,"minecraft:drop":10,"minecraft:damage_dealt":1615,"minecraft:swim_one_cm":7455,"minecraft:interact_with_crafting_table":3,"minecraft:fly_one_cm":173747,"minecraft:crouch_one_cm":425,"minecraft:play_time":24165,"minecraft:sneak_time":882,"minecraft:walk_under_water_one_cm":1797,"minecraft:jump":270,"minecraft:leave_game":6,"minecraft:walk_on_water_one_cm":1251,"minecraft:time_since_death":24165,"minecraft:climb_one_cm":1332,"minecraft:total_world_time":34913,"minecraft:fall_one_cm":2148},"minecraft:killed":{"minecraft:pig":9,"minecraft:chicken":1,"minecraft:cow":6},"minecraft:mined":{"minecraft:grass":26,"minecraft:grass_block":22,"minecraft:oak_log":11,"minecraft:vine":6,"minecraft:jungle_log":10,"minecraft:sand":69,"minecraft:dirt":17,"minecraft:stone":35,"minecraft:oak_leaves":1,"minecraft:fern":5}},"DataVersion":2975}