{
  "_fv": 28,
  "_type": "tool",
  "definition": {
    "renderType": 0,
    "texture": "ender_shovel",
    "customModelName": "Normal",
    "name": "Ender Shovel",
    "specialInfo": [],
    "creativeTab": {
      "value": "TOOLS"
    },
    "toolType": "Spade",
    "harvestLevel": 2,
    "efficiency": 11.0,
    "attackSpeed": 14.0,
    "enchantability": 14,
    "damageVsEntity": 4.0,
    "usageCount": 2335,
    "blocksAffected": [],
    "hasGlow": false,
    "repairItems": [
      {
        "value": "CUSTOM:EnderIngot"
      }
    ],
    "immuneToFire": false,
    "stayInGridWhenCrafting": false,
    "damageOnCrafting": false
  }
}