{
  "_fv": 28,
  "_type": "tool",
  "definition": {
    "renderType": 0,
    "texture": "ender_axe",
    "customModelName": "Normal",
    "name": "Ender Axe",
    "specialInfo": [],
    "creativeTab": {
      "value": "TOOLS"
    },
    "toolType": "Axe",
    "harvestLevel": 2,
    "efficiency": 10.0,
    "attackSpeed": 1.4,
    "enchantability": 14,
    "damageVsEntity": 11.0,
    "usageCount": 2335,
    "blocksAffected": [],
    "hasGlow": false,
    "repairItems": [
      {
        "value": "CUSTOM:EnderIngot"
      }
    ],
    "immuneToFire": false,
    "stayInGridWhenCrafting": false,
    "damageOnCrafting": false
  }
}